{
    "loss": [
        0.020523590967059135,
        0.005549630615860224,
        0.004901729058474302,
        0.0048164017498493195,
        0.004241494461894035,
        0.003666957840323448,
        0.0036729059647768736,
        0.002984661376103759,
        0.0031076637096703053,
        0.0029362954664975405,
        0.002723081037402153,
        0.0025224043056368828
    ],
    "val_loss": [
        0.12156253308057785,
        0.09651730209589005,
        0.029955178499221802,
        0.005685976706445217,
        0.007997369393706322,
        0.006922448519617319,
        0.002670262474566698,
        0.002498925430700183,
        0.004083830863237381,
        0.00518883066251874,
        0.0028908064123243093,
        0.0027624410577118397
    ]
}