{
    "loss": [
        0.009015125222504139,
        0.0038264761678874493,
        0.0032510787714272738,
        0.002826177980750799,
        0.002499072579666972,
        0.0021586022339761257,
        0.001982074696570635,
        0.0017881556414067745,
        0.001691552228294313,
        0.0015589629765599966,
        0.0015140558825805783,
        0.0014793414156883955,
        0.0014166685286909342,
        0.0013318161945790052,
        0.0012906312476843596,
        0.001230754191055894,
        0.0012062819441780448,
        0.0011538965627551079,
        0.0010830118553712964,
        0.0011056590592488647,
        0.001085480791516602,
        0.0011325724190101027,
        0.0010178304510191083,
        0.0009936806745827198,
        0.001016049413010478,
        0.0010474695591256022,
        0.0009715213673189282,
        0.0009554601274430752,
        0.0009102490730583668,
        0.0008755223243497312,
        0.0009242330561392009,
        0.0008605211041867733,
        0.000830952893011272,
        0.0007904896046966314,
        0.0007897721952758729,
        0.0007931236759759486,
        0.000788196746725589,
        0.0007192428456619382,
        0.0007710757199674845,
        0.0007388549856841564,
        0.0007088639540597796,
        0.0007047135732136667,
        0.0006801558192819357,
        0.0007024493534117937,
        0.0006659144419245422,
        0.0006442539161071181
    ],
    "val_loss": [
        0.0032438260968774557,
        0.0020786935929208994,
        0.002405233448371291,
        0.0009640951175242662,
        0.002009318908676505,
        0.0011718523455783725,
        0.000979272066615522,
        0.0007448504911735654,
        0.000862872286234051,
        0.000516379892360419,
        0.0007574668852612376,
        0.0010282676666975021,
        0.002097934950143099,
        0.0011315216543152928,
        0.0017615323886275291,
        0.000848188588861376,
        0.0007649926119484007,
        0.0003838369157165289,
        0.00044495408656075597,
        0.00035128367017023265,
        0.0008193035610020161,
        0.0004048951668664813,
        0.0008999714627861977,
        0.00045226208749227226,
        0.0006568226381205022,
        0.0006424264865927398,
        0.0005050127510912716,
        0.0008211128297261894,
        0.001775986747816205,
        0.0008365354151464999,
        0.0014240893069654703,
        0.00036915537202730775,
        0.0007483047083951533,
        0.00039054002263583243,
        0.00035736634163185954,
        0.0003174944140482694,
        0.000446475314674899,
        0.0003037502756342292,
        0.0008490013424307108,
        0.0017328663961961865,
        0.00048755964962765574,
        0.0007163527770899236,
        0.0004038593324366957,
        0.000604792614467442,
        0.0003258076903875917,
        0.00025703851133584976
    ]
}