{
    "loss": [
        0.012279278598725796,
        0.005992357153445482,
        0.004919258411973715,
        0.004898269195109606,
        0.0040482827462255955,
        0.003608171595260501,
        0.003433119971305132,
        0.0030238977633416653,
        0.003059939481317997,
        0.002930247224867344,
        0.002697968389838934,
        0.0024607209488749504,
        0.002371571958065033,
        0.0022222313564270735,
        0.0022698254324495792,
        0.0022953234147280455,
        0.002124908147379756,
        0.0024238871410489082,
        0.002092143287882209,
        0.0018488154746592045,
        0.0017649246146902442,
        0.0015901187434792519,
        0.001499007921665907
    ],
    "val_loss": [
        0.13120323419570923,
        0.10970287770032883,
        0.058707814663648605,
        0.007959459908306599,
        0.004500011447817087,
        0.00494011165574193,
        0.0031842272728681564,
        0.008038781583309174,
        0.0025128929410129786,
        0.0032868871930986643,
        0.0022963343653827906,
        0.004294921178370714,
        0.003989444114267826,
        0.002143088961020112,
        0.0008998509147204459,
        0.005619694944471121,
        0.0024615211877971888,
        0.0018926659831777215,
        0.0015328818699344993,
        0.0011453400366008282,
        0.0017515333602204919,
        0.0008966997265815735,
        0.0007591566536575556
    ]
}