{
    "loss": [
        0.009015125222504139
    ],
    "val_loss": [
        0.0032438260968774557
    ]
}